target,roi,batch_size,delta,p_value_fdr,significant_fdr,n_consistent,n_subjects,classification
vim,lh_Ca,1,6.709013e-05,0.7411524057388306,False,11,19,neither
vim,lh_GPe,1,0.00085819856,0.0047977458452805,True,15,19,fdr_significant
vim,lh_GPi,1,0.00036137414,0.2428339299033669,False,12,19,neither
vim,lh_Pu,1,0.0004250117,0.1998717529433114,False,11,19,neither
vim,lh_STH,1,0.0002697173,0.223258376121521,False,10,19,neither
vim,lh_cerebellum_dentate,1,0.000102282946,0.6337191954902981,False,10,19,neither
vim,lh_cerebellum_motor,1,0.0006794353,0.0310547724366188,True,16,19,fdr_significant
vim,lh_paracentral_smooth3mm,1,-0.000121586076,0.4612893299622969,False,14,19,neither
vim,lh_postcentral_smooth3mm,1,0.00028161204,0.2806409418582916,False,11,19,neither
vim,lh_precentral_smooth3mm,1,0.0007511614,0.0050742430612444,True,11,19,fdr_significant
vim,lh_superiorfrontal_smooth3mm,1,0.0006625338,0.0063129477202892,True,14,19,fdr_significant
vim,lh_vim,1,0.00030297876,0.2641900181770324,False,10,19,neither
vim,lh_zi,1,0.00017291318,0.4200109073093959,False,13,19,neither
vim,rh_Ca,1,0.00032029423,0.0896939228881489,False,16,19,consistency_threshold
vim,rh_GPe,1,0.00040743136,0.0689474612474441,False,11,19,neither
vim,rh_GPi,1,0.00082353054,0.0310547724366188,True,12,19,fdr_significant
vim,rh_Pu,1,0.00037215435,0.1998717529433114,False,14,19,neither
vim,rh_STH,1,0.0014262139,0.0032877973280847,True,14,19,fdr_significant
vim,rh_cerebellum_dentate,1,0.00048299762,0.0310547724366188,True,15,19,fdr_significant
vim,rh_cerebellum_motor,1,0.0006167002,0.0310547724366188,True,11,19,fdr_significant
vim,rh_paracentral_smooth3mm,1,0.00028065412,0.2806409418582916,False,11,19,neither
vim,rh_postcentral_smooth3mm,1,0.000407366,0.1644187718629837,False,15,19,consistency_threshold
vim,rh_precentral_smooth3mm,1,0.00026520746,0.2428339299033669,False,14,19,neither
vim,rh_superiorfrontal_smooth3mm,1,0.0007299753,0.0063129477202892,True,18,19,fdr_significant
zi,lh_Ca,1,-0.00044322622,0.5734725147485733,False,11,19,neither
zi,lh_GPe,1,0.0002951867,0.7476760625839233,False,13,19,neither
zi,lh_GPi,1,-0.00021089672,0.800352954864502,False,12,19,neither
zi,lh_Pu,1,-3.75174e-05,0.9758468503537384,False,12,19,neither
zi,lh_STH,1,-0.00026920103,0.7476760625839233,False,11,19,neither
zi,lh_cerebellum_dentate,1,-0.00047011953,0.5639266669750214,False,14,19,neither
zi,lh_cerebellum_motor,1,0.0003716038,0.7476760625839233,False,16,19,consistency_threshold
zi,lh_paracentral_smooth3mm,1,-0.00023447958,0.7476760625839233,False,13,19,neither
zi,lh_postcentral_smooth3mm,1,0.00017759763,0.800352954864502,False,13,19,neither
zi,lh_precentral_smooth3mm,1,0.0004322619,0.7476760625839233,False,13,19,neither
zi,lh_superiorfrontal_smooth3mm,1,-2.4817198e-05,0.9758468503537384,False,12,19,neither
zi,lh_vim,1,-0.00017334822,0.800352954864502,False,11,19,neither
zi,lh_zi,1,-3.6615683e-07,0.9984745383262634,False,14,19,neither
zi,rh_Ca,1,-7.337704e-05,0.9619682629903158,False,10,19,neither
zi,rh_GPe,1,-0.00016247353,0.7476760625839233,False,14,19,neither
zi,rh_GPi,1,-0.00017550607,0.8920983426711138,False,11,19,neither
zi,rh_Pu,1,0.00015660787,0.8920983426711138,False,15,19,consistency_threshold
zi,rh_STH,1,0.0005541185,0.7476760625839233,False,11,19,neither
zi,rh_cerebellum_dentate,1,0.00032214477,0.7476760625839233,False,12,19,neither
zi,rh_cerebellum_motor,1,0.00028061532,0.7971173524856567,False,13,19,neither
zi,rh_paracentral_smooth3mm,1,1.8711216e-05,0.9758468503537384,False,11,19,neither
zi,rh_postcentral_smooth3mm,1,0.00020713324,0.7971173524856567,False,11,19,neither
zi,rh_precentral_smooth3mm,1,1.7824264e-05,0.9758468503537384,False,13,19,neither
zi,rh_superiorfrontal_smooth3mm,1,-2.2023572e-05,0.9758468503537384,False,11,19,neither
vim,lh_Ca,2,-0.00032847314,0.5239065885543823,False,15,19,consistency_threshold
vim,lh_GPe,2,-4.3587366e-05,0.9666040539741516,False,10,19,neither
vim,lh_GPi,2,-0.0003445716,0.7126738071441651,False,15,19,consistency_threshold
vim,lh_Pu,2,-0.00023559119,0.759526789188385,False,11,19,neither
vim,lh_STH,2,-0.00038712638,0.5239065885543823,False,10,19,neither
vim,lh_cerebellum_dentate,2,0.00034458112,0.5239065885543823,False,13,19,neither
vim,lh_cerebellum_motor,2,-0.00019603227,0.7878831624984741,False,10,19,neither
vim,lh_paracentral_smooth3mm,2,-0.00019988143,0.8340550422668457,False,12,19,neither
vim,lh_postcentral_smooth3mm,2,1.4725092e-05,0.9666040539741516,False,12,19,neither
vim,lh_precentral_smooth3mm,2,-0.00023108681,0.91283118724823,False,12,19,neither
vim,lh_superiorfrontal_smooth3mm,2,-0.00040784548,0.5239065885543823,False,10,19,neither
vim,lh_vim,2,3.0077896e-05,0.9666040539741516,False,10,19,neither
vim,lh_zi,2,-0.00054321834,0.5239065885543823,False,15,19,consistency_threshold
vim,rh_Ca,2,-2.7271184e-05,0.9666040539741516,False,10,19,neither
vim,rh_GPe,2,-8.1239756e-05,0.9666040539741516,False,10,19,neither
vim,rh_GPi,2,0.00025092674,0.7878831624984741,False,10,19,neither
vim,rh_Pu,2,-6.584313e-05,0.9666040539741516,False,10,19,neither
vim,rh_STH,2,-0.00025902715,0.5846385558446249,False,14,19,neither
vim,rh_cerebellum_dentate,2,-1.904192e-05,0.9666040539741516,False,10,19,neither
vim,rh_cerebellum_motor,2,-0.00028487647,0.759526789188385,False,12,19,neither
vim,rh_paracentral_smooth3mm,2,-0.0005883595,0.5239065885543823,False,11,19,neither
vim,rh_postcentral_smooth3mm,2,-0.0005293266,0.5239065885543823,False,12,19,neither
vim,rh_precentral_smooth3mm,2,-0.00010358023,0.9666040539741516,False,10,19,neither
vim,rh_superiorfrontal_smooth3mm,2,-0.00042593313,0.5846385558446249,False,11,19,neither
zi,lh_Ca,2,-0.0002151622,0.9694851311770352,False,11,19,neither
zi,lh_GPe,2,4.812433e-05,0.9694851311770352,False,13,19,neither
zi,lh_GPi,2,7.932363e-05,0.9694851311770352,False,10,19,neither
zi,lh_Pu,2,9.124275e-05,0.9694851311770352,False,10,19,neither
zi,lh_STH,2,4.7423633e-05,0.9694851311770352,False,11,19,neither
zi,lh_cerebellum_dentate,2,-0.000109735236,0.9694851311770352,False,10,19,neither
zi,lh_cerebellum_motor,2,3.7704103e-05,0.9694851311770352,False,10,19,neither
zi,lh_paracentral_smooth3mm,2,0.0003484817,0.9694851311770352,False,10,19,neither
zi,lh_postcentral_smooth3mm,2,0.00033556533,0.9694851311770352,False,11,19,neither
zi,lh_precentral_smooth3mm,2,0.00041536614,0.9694851311770352,False,13,19,neither
zi,lh_superiorfrontal_smooth3mm,2,-3.458236e-05,0.9694851311770352,False,12,19,neither
zi,lh_vim,2,-0.000116965195,0.9694851311770352,False,10,19,neither
zi,lh_zi,2,7.3771043e-06,0.9780704975128174,False,10,19,neither
zi,rh_Ca,2,-0.00020631206,0.9694851311770352,False,13,19,neither
zi,rh_GPe,2,0.00019069134,0.9694851311770352,False,12,19,neither
zi,rh_GPi,2,-0.00042825937,0.9694851311770352,False,13,19,neither
zi,rh_Pu,2,6.6849598e-06,0.9780704975128174,False,10,19,neither
zi,rh_STH,2,-0.0002285819,0.9694851311770352,False,12,19,neither
zi,rh_cerebellum_dentate,2,0.00011334255,0.9694851311770352,False,11,19,neither
zi,rh_cerebellum_motor,2,-0.00055863225,0.9694851311770352,False,12,19,neither
zi,rh_paracentral_smooth3mm,2,3.2086613e-05,0.9694851311770352,False,12,19,neither
zi,rh_postcentral_smooth3mm,2,0.00022858431,0.9694851311770352,False,12,19,neither
zi,rh_precentral_smooth3mm,2,3.3667115e-05,0.9694851311770352,False,11,19,neither
zi,rh_superiorfrontal_smooth3mm,2,0.00012233059,0.9694851311770352,False,13,19,neither
vim,lh_Ca,3,-0.0004701928,0.61453644434611,False,14,19,neither
vim,lh_GPe,3,0.00029558488,0.6735483578273228,False,10,19,neither
vim,lh_GPi,3,-0.00044670486,0.6237401366233826,False,14,19,neither
vim,lh_Pu,3,9.380761e-05,0.8443740761798361,False,10,19,neither
vim,lh_STH,3,-0.00015542774,0.8191077834681462,False,11,19,neither
vim,lh_cerebellum_dentate,3,0.000476935,0.6129435896873474,False,12,19,neither
vim,lh_cerebellum_motor,3,-0.00037797148,0.6129435896873474,False,11,19,neither
vim,lh_paracentral_smooth3mm,3,-0.00024761734,0.728850245475769,False,13,19,neither
vim,lh_postcentral_smooth3mm,3,-8.427753e-05,0.8443740761798361,False,10,19,neither
vim,lh_precentral_smooth3mm,3,-0.00040648956,0.6237401366233826,False,12,19,neither
vim,lh_superiorfrontal_smooth3mm,3,-0.00024994145,0.6932503700256347,False,12,19,neither
vim,lh_vim,3,-8.058254e-05,0.8443740761798361,False,10,19,neither
vim,lh_zi,3,-0.00021520353,0.6735483578273228,False,10,19,neither
vim,rh_Ca,3,-0.0002087699,0.8191077834681462,False,13,19,neither
vim,rh_GPe,3,-6.173639e-05,0.8946197628974915,False,10,19,neither
vim,rh_GPi,3,0.00045692697,0.6237401366233826,False,10,19,neither
vim,rh_Pu,3,0.00041511585,0.6129435896873474,False,10,19,neither
vim,rh_STH,3,0.00038512817,0.6129435896873474,False,11,19,neither
vim,rh_cerebellum_dentate,3,-0.00021955646,0.8191077834681462,False,10,19,neither
vim,rh_cerebellum_motor,3,-8.682416e-05,0.8443740761798361,False,10,19,neither
vim,rh_paracentral_smooth3mm,3,-0.0007255844,0.6129435896873474,False,10,19,neither
vim,rh_postcentral_smooth3mm,3,-0.00051524077,0.6129435896873474,False,11,19,neither
vim,rh_precentral_smooth3mm,3,-0.00045939683,0.6129435896873474,False,14,19,neither
vim,rh_superiorfrontal_smooth3mm,3,-0.00059519976,0.6129435896873474,False,11,19,neither
zi,lh_Ca,3,-7.807402e-05,0.9555529356002808,False,11,19,neither
zi,lh_GPe,3,0.00014349134,0.9555529356002808,False,11,19,neither
zi,lh_GPi,3,2.3976458e-05,0.9555529356002808,False,13,19,neither
zi,lh_Pu,3,0.00053859345,0.9555529356002808,False,12,19,neither
zi,lh_STH,3,-0.00010377845,0.9555529356002808,False,10,19,neither
zi,lh_cerebellum_dentate,3,-0.00015102205,0.9555529356002808,False,14,19,neither
zi,lh_cerebellum_motor,3,-0.00022559857,0.9555529356002808,False,10,19,neither
zi,lh_paracentral_smooth3mm,3,3.05215e-05,0.9555529356002808,False,13,19,neither
zi,lh_postcentral_smooth3mm,3,0.00036538616,0.9555529356002808,False,11,19,neither
zi,lh_precentral_smooth3mm,3,0.00016801844,0.9555529356002808,False,10,19,neither
zi,lh_superiorfrontal_smooth3mm,3,4.9295002e-05,0.9555529356002808,False,10,19,neither
zi,lh_vim,3,0.00011625168,0.9555529356002808,False,11,19,neither
zi,lh_zi,3,0.00014706883,0.9555529356002808,False,12,19,neither
zi,rh_Ca,3,-0.00043064426,0.9555529356002808,False,14,19,neither
zi,rh_GPe,3,-2.0797414e-05,0.9555529356002808,False,10,19,neither
zi,rh_GPi,3,-0.00035626665,0.9555529356002808,False,11,19,neither
zi,rh_Pu,3,0.00021464667,0.9555529356002808,False,11,19,neither
zi,rh_STH,3,-0.0002913356,0.9555529356002808,False,12,19,neither
zi,rh_cerebellum_dentate,3,0.00015853776,0.9555529356002808,False,13,19,neither
zi,rh_cerebellum_motor,3,-0.00015231536,0.9555529356002808,False,11,19,neither
zi,rh_paracentral_smooth3mm,3,0.0002737518,0.9555529356002808,False,11,19,neither
zi,rh_postcentral_smooth3mm,3,-6.137543e-05,0.9555529356002808,False,12,19,neither
zi,rh_precentral_smooth3mm,3,1.8232944e-05,0.9555529356002808,False,10,19,neither
zi,rh_superiorfrontal_smooth3mm,3,-0.00043199168,0.9555529356002808,False,12,19,neither
vim,lh_Ca,4,-0.00017598017,0.7017784335396506,False,10,19,neither
vim,lh_GPe,4,-0.00015393135,0.7017784335396506,False,12,19,neither
vim,lh_GPi,4,-0.001041635,0.0975040197372436,False,16,19,consistency_threshold
vim,lh_Pu,4,-0.00019433266,0.7017784335396506,False,12,19,neither
vim,lh_STH,4,-0.0005052884,0.2761053889989853,False,11,19,neither
vim,lh_cerebellum_dentate,4,0.00045969494,0.2083239555358886,False,12,19,neither
vim,lh_cerebellum_motor,4,-0.00088244193,0.0424491455778479,True,10,19,fdr_significant
vim,lh_paracentral_smooth3mm,4,-0.0006524391,0.1605296043249277,False,13,19,neither
vim,lh_postcentral_smooth3mm,4,-0.0006442466,0.0829151775687933,False,15,19,consistency_threshold
vim,lh_precentral_smooth3mm,4,-0.0005975322,0.1164598703384399,False,12,19,neither
vim,lh_superiorfrontal_smooth3mm,4,-0.00058744545,0.1605296043249277,False,11,19,neither
vim,lh_vim,4,-0.00047168223,0.1642068539346967,False,12,19,neither
vim,lh_zi,4,-0.0010014503,0.0064715717453509,True,17,19,fdr_significant
vim,rh_Ca,4,-0.00041384838,0.3956551551818847,False,11,19,neither
vim,rh_GPe,4,-6.717115e-05,0.8415595137554666,False,12,19,neither
vim,rh_GPi,4,0.000834587,0.0975040197372436,False,13,19,neither
vim,rh_Pu,4,0.00016839952,0.5424534898055228,False,10,19,neither
vim,rh_STH,4,-2.1180726e-06,0.9941142201423644,False,13,19,neither
vim,rh_cerebellum_dentate,4,-0.0004954392,0.3071769475936889,False,10,19,neither
vim,rh_cerebellum_motor,4,-0.0007760672,0.0941796377301216,False,11,19,neither
vim,rh_paracentral_smooth3mm,4,-0.00096685265,0.1113874912261962,False,13,19,neither
vim,rh_postcentral_smooth3mm,4,-0.0008240779,0.0941796377301216,False,11,19,neither
vim,rh_precentral_smooth3mm,4,-0.0010477399,0.0436684563755989,True,14,19,fdr_significant
vim,rh_superiorfrontal_smooth3mm,4,-0.00064181956,0.1605296043249277,False,15,19,consistency_threshold
zi,lh_Ca,4,-0.00034944635,0.4354650020599365,False,11,19,neither
zi,lh_GPe,4,0.00016369093,0.8463470559371146,False,10,19,neither
zi,lh_GPi,4,-0.00027547756,0.6278865337371826,False,13,19,neither
zi,lh_Pu,4,0.00019679556,0.8146336873372396,False,12,19,neither
zi,lh_STH,4,-0.00036628768,0.4354650020599365,False,10,19,neither
zi,lh_cerebellum_dentate,4,-0.0003231903,0.5498505922464224,False,10,19,neither
zi,lh_cerebellum_motor,4,-0.00083089503,0.0176929514855146,True,15,19,fdr_significant
zi,lh_paracentral_smooth3mm,4,-0.00026065556,0.5957940101623536,False,13,19,neither
zi,lh_postcentral_smooth3mm,4,0.00029508947,0.5957940101623536,False,10,19,neither
zi,lh_precentral_smooth3mm,4,-0.0003643032,0.4354650020599365,False,13,19,neither
zi,lh_superiorfrontal_smooth3mm,4,8.286722e-05,0.8815652598505435,False,10,19,neither
zi,lh_vim,4,-0.00033545305,0.4354650020599365,False,16,19,consistency_threshold
zi,lh_zi,4,-0.0004891453,0.4354650020599365,False,11,19,neither
zi,rh_Ca,4,-0.00056943065,0.1601124666631221,False,14,19,neither
zi,rh_GPe,4,-0.00045059706,0.4354650020599365,False,13,19,neither
zi,rh_GPi,4,8.0091195e-05,0.8815652598505435,False,11,19,neither
zi,rh_Pu,4,-6.613875e-05,0.8815652598505435,False,12,19,neither
zi,rh_STH,4,-0.0005668355,0.4354650020599365,False,10,19,neither
zi,rh_cerebellum_dentate,4,-0.00036747803,0.4418157339096069,False,10,19,neither
zi,rh_cerebellum_motor,4,-0.00023332414,0.8016299359938677,False,11,19,neither
zi,rh_paracentral_smooth3mm,4,0.00013838199,0.8699597597122192,False,13,19,neither
zi,rh_postcentral_smooth3mm,4,2.5506475e-05,0.9231340885162354,False,14,19,neither
zi,rh_precentral_smooth3mm,4,-0.00036853223,0.4418157339096069,False,12,19,neither
zi,rh_superiorfrontal_smooth3mm,4,-0.0006833985,0.2832590043544769,False,15,19,consistency_threshold
vim,lh_Ca,8,-6.279923e-05,0.9715752808944038,False,12,19,neither
vim,lh_GPe,8,0.00059596804,0.6571265856424967,False,11,19,neither
vim,lh_GPi,8,0.00044466511,0.6571265856424967,False,13,19,neither
vim,lh_Pu,8,0.00037773894,0.8145582165036882,False,11,19,neither
vim,lh_STH,8,-2.8024182e-05,0.9715752808944038,False,14,19,neither
vim,lh_cerebellum_dentate,8,0.0005152506,0.6571265856424967,False,12,19,neither
vim,lh_cerebellum_motor,8,-0.000490249,0.6571265856424967,False,12,19,neither
vim,lh_paracentral_smooth3mm,8,-5.7092082e-05,0.9715752808944038,False,10,19,neither
vim,lh_postcentral_smooth3mm,8,0.00041173556,0.6571265856424967,False,10,19,neither
vim,lh_precentral_smooth3mm,8,-0.0005317326,0.8145582165036882,False,11,19,neither
vim,lh_superiorfrontal_smooth3mm,8,-0.00020473232,0.8689891871284036,False,10,19,neither
vim,lh_vim,8,0.00023411587,0.8686395645141601,False,10,19,neither
vim,lh_zi,8,-0.00013405812,0.8689891871284036,False,11,19,neither
vim,rh_Ca,8,4.852556e-05,0.9715752808944038,False,11,19,neither
vim,rh_GPe,8,6.312024e-05,0.9715752808944038,False,10,19,neither
vim,rh_GPi,8,0.0010366328,0.0948294326663017,False,10,19,neither
vim,rh_Pu,8,3.2160995e-05,0.9715752808944038,False,14,19,neither
vim,rh_STH,8,0.00083864835,0.6571265856424967,False,11,19,neither
vim,rh_cerebellum_dentate,8,0.00042609908,0.7472010612487793,False,10,19,neither
vim,rh_cerebellum_motor,8,0.00032244407,0.8145582165036882,False,10,19,neither
vim,rh_paracentral_smooth3mm,8,-0.0006560202,0.6571265856424967,False,13,19,neither
vim,rh_postcentral_smooth3mm,8,-0.0004337931,0.6571265856424967,False,10,19,neither
vim,rh_precentral_smooth3mm,8,-0.00032645342,0.8145582165036882,False,13,19,neither
vim,rh_superiorfrontal_smooth3mm,8,-1.1328118e-05,0.9825344681739808,False,11,19,neither
zi,lh_Ca,8,-0.00025794527,0.9424892989071934,False,10,19,neither
zi,lh_GPe,8,0.00015249652,0.9424892989071934,False,11,19,neither
zi,lh_GPi,8,0.00012402721,0.9424892989071934,False,11,19,neither
zi,lh_Pu,8,0.0006749533,0.9424892989071934,False,13,19,neither
zi,lh_STH,8,-0.00030968103,0.9424892989071934,False,13,19,neither
zi,lh_cerebellum_dentate,8,9.123003e-05,0.9424892989071934,False,11,19,neither
zi,lh_cerebellum_motor,8,-0.000116879804,0.9424892989071934,False,10,19,neither
zi,lh_paracentral_smooth3mm,8,0.00038277212,0.9424892989071934,False,10,19,neither
zi,lh_postcentral_smooth3mm,8,0.00084186543,0.9424892989071934,False,10,19,neither
zi,lh_precentral_smooth3mm,8,7.544948e-05,0.9424892989071934,False,12,19,neither
zi,lh_superiorfrontal_smooth3mm,8,2.6664256e-06,0.9928532242774964,False,11,19,neither
zi,lh_vim,8,-0.00029784438,0.9424892989071934,False,11,19,neither
zi,lh_zi,8,-9.9460434e-05,0.9424892989071934,False,10,19,neither
zi,rh_Ca,8,-0.00012799317,0.9424892989071934,False,10,19,neither
zi,rh_GPe,8,0.00019258956,0.9424892989071934,False,11,19,neither
zi,rh_GPi,8,-4.170379e-05,0.9852894078130306,False,11,19,neither
zi,rh_Pu,8,0.0005366112,0.9424892989071934,False,12,19,neither
zi,rh_STH,8,-0.00041695527,0.9424892989071934,False,11,19,neither
zi,rh_cerebellum_dentate,8,7.7867684e-05,0.9424892989071934,False,11,19,neither
zi,rh_cerebellum_motor,8,-0.00022680273,0.9424892989071934,False,10,19,neither
zi,rh_paracentral_smooth3mm,8,0.0001692221,0.9424892989071934,False,11,19,neither
zi,rh_postcentral_smooth3mm,8,-0.00012474752,0.9424892989071934,False,11,19,neither
zi,rh_precentral_smooth3mm,8,-0.00046737827,0.9424892989071934,False,10,19,neither
zi,rh_superiorfrontal_smooth3mm,8,0.00020050733,0.9424892989071934,False,11,19,neither
vim,lh_Ca,12,0.00033914426,0.4406688894544329,False,12,19,neither
vim,lh_GPe,12,0.00063868886,0.2430171540805271,False,15,19,consistency_threshold
vim,lh_GPi,12,0.00096855353,0.2430171540805271,False,15,19,consistency_threshold
vim,lh_Pu,12,0.0013478609,0.1765320897102356,False,13,19,neither
vim,lh_STH,12,0.0005767055,0.2430171540805271,False,12,19,neither
vim,lh_cerebellum_dentate,12,0.0006298268,0.2223139802614847,False,12,19,neither
vim,lh_cerebellum_motor,12,0.00048720193,0.4406688894544329,False,12,19,neither
vim,lh_paracentral_smooth3mm,12,0.0006031189,0.2430171540805271,False,15,19,consistency_threshold
vim,lh_postcentral_smooth3mm,12,0.0010944505,0.1765320897102356,False,11,19,neither
vim,lh_precentral_smooth3mm,12,0.0006454475,0.4406688894544329,False,11,19,neither
vim,lh_superiorfrontal_smooth3mm,12,-6.108469e-05,0.9050615429878236,False,12,19,neither
vim,lh_vim,12,0.0005562803,0.2827045172452926,False,14,19,neither
vim,lh_zi,12,0.0004561665,0.2827045172452926,False,10,19,neither
vim,rh_Ca,12,0.0003815559,0.4510769085450606,False,11,19,neither
vim,rh_GPe,12,0.0010312864,0.0878938660025596,False,12,19,neither
vim,rh_GPi,12,0.0007691959,0.0878938660025596,False,10,19,neither
vim,rh_Pu,12,0.00092349877,0.0878938660025596,False,14,19,neither
vim,rh_STH,12,0.0007857086,0.2430171540805271,False,10,19,neither
vim,rh_cerebellum_dentate,12,0.0014794242,0.1136884130537509,False,13,19,neither
vim,rh_cerebellum_motor,12,0.0009032433,0.2223139802614847,False,11,19,neither
vim,rh_paracentral_smooth3mm,12,0.00041127735,0.4406688894544329,False,14,19,neither
vim,rh_postcentral_smooth3mm,12,0.0004995187,0.2223139802614847,False,13,19,neither
vim,rh_precentral_smooth3mm,12,0.00051042513,0.4406688894544329,False,13,19,neither
vim,rh_superiorfrontal_smooth3mm,12,0.00030375528,0.4806045863939368,False,12,19,neither
zi,lh_Ca,12,0.00047783268,0.5526378949483236,False,10,19,neither
zi,lh_GPe,12,0.0008322912,0.38198983669281,False,13,19,neither
zi,lh_GPi,12,0.000539904,0.450256552015032,False,13,19,neither
zi,lh_Pu,12,0.0011071975,0.2346727762903485,False,13,19,neither
zi,lh_STH,12,0.0005217097,0.5526378949483236,False,15,19,consistency_threshold
zi,lh_cerebellum_dentate,12,0.0002604791,0.5883499860763549,False,10,19,neither
zi,lh_cerebellum_motor,12,0.00086714095,0.2346727762903485,False,14,19,neither
zi,lh_paracentral_smooth3mm,12,0.00086123357,0.3096182147661845,False,12,19,neither
zi,lh_postcentral_smooth3mm,12,0.0018015092,0.0355495205149054,True,16,19,fdr_significant
zi,lh_precentral_smooth3mm,12,0.0012148146,0.1854627430438995,False,15,19,consistency_threshold
zi,lh_superiorfrontal_smooth3mm,12,0.00038112135,0.5526378949483236,False,13,19,neither
zi,lh_vim,12,0.00036554088,0.5526378949483236,False,11,19,neither
zi,lh_zi,12,0.000712694,0.3163228332996368,False,14,19,neither
zi,rh_Ca,12,0.00021290855,0.6989457607269287,False,12,19,neither
zi,rh_GPe,12,0.00058251043,0.3163228332996368,False,10,19,neither
zi,rh_GPi,12,0.00041688664,0.5883499860763549,False,12,19,neither
zi,rh_Pu,12,0.0011144063,0.1854627430438995,False,14,19,neither
zi,rh_STH,12,0.0003365343,0.6113621048305345,False,12,19,neither
zi,rh_cerebellum_dentate,12,0.00025184677,0.6113621048305345,False,14,19,neither
zi,rh_cerebellum_motor,12,0.0004297585,0.6084408760070801,False,12,19,neither
zi,rh_paracentral_smooth3mm,12,0.0007489709,0.3096182147661845,False,11,19,neither
zi,rh_postcentral_smooth3mm,12,0.000671836,0.2346727762903485,False,14,19,neither
zi,rh_precentral_smooth3mm,12,0.0007363999,0.2346727762903485,False,13,19,neither
zi,rh_superiorfrontal_smooth3mm,12,0.00066258444,0.3163228332996368,False,15,19,consistency_threshold
vim,lh_Ca,16,0.00021306521,0.7735437552134196,False,13,19,neither
vim,lh_GPe,16,0.00044944088,0.6555036902427673,False,12,19,neither
vim,lh_GPi,16,0.0010593098,0.380593169819225,False,14,19,neither
vim,lh_Pu,16,0.00087243674,0.380593169819225,False,11,19,neither
vim,lh_STH,16,2.3723236e-05,0.9609659910202026,False,12,19,neither
vim,lh_cerebellum_dentate,16,0.00048105253,0.380593169819225,False,12,19,neither
vim,lh_cerebellum_motor,16,0.000364539,0.7735437552134196,False,12,19,neither
vim,lh_paracentral_smooth3mm,16,0.00056871056,0.6792441514822153,False,12,19,neither
vim,lh_postcentral_smooth3mm,16,0.0005868685,0.380593169819225,False,12,19,neither
vim,lh_precentral_smooth3mm,16,0.0003354859,0.7907844543457031,False,10,19,neither
vim,lh_superiorfrontal_smooth3mm,16,-0.00030606883,0.7735437552134196,False,13,19,neither
vim,lh_vim,16,0.00026822713,0.7735437552134196,False,11,19,neither
vim,lh_zi,16,0.00023021274,0.7735437552134196,False,11,19,neither
vim,rh_Ca,16,0.00072361156,0.380593169819225,False,12,19,neither
vim,rh_GPe,16,0.0012074686,0.258575364947319,False,14,19,neither
vim,rh_GPi,16,0.0011153094,0.2206800207495689,False,11,19,neither
vim,rh_Pu,16,0.0008144756,0.258575364947319,False,14,19,neither
vim,rh_STH,16,0.0010999785,0.258575364947319,False,11,19,neither
vim,rh_cerebellum_dentate,16,0.0008223474,0.380593169819225,False,10,19,neither
vim,rh_cerebellum_motor,16,0.0007639728,0.380593169819225,False,11,19,neither
vim,rh_paracentral_smooth3mm,16,0.00024186869,0.7841166446083471,False,11,19,neither
vim,rh_postcentral_smooth3mm,16,9.801955e-05,0.8671377572146329,False,11,19,neither
vim,rh_precentral_smooth3mm,16,-5.285687e-05,0.9609659910202026,False,11,19,neither
vim,rh_superiorfrontal_smooth3mm,16,0.0001636351,0.8671377572146329,False,11,19,neither
zi,lh_Ca,16,5.06827e-05,0.9135496020317078,False,11,19,neither
zi,lh_GPe,16,0.000103003396,0.9135496020317078,False,10,19,neither
zi,lh_GPi,16,0.0006067833,0.7307353019714355,False,13,19,neither
zi,lh_Pu,16,0.00038832525,0.860939530765309,False,11,19,neither
zi,lh_STH,16,-0.0005069632,0.860728899637858,False,10,19,neither
zi,lh_cerebellum_dentate,16,-0.00019884952,0.860939530765309,False,12,19,neither
zi,lh_cerebellum_motor,16,0.00040400284,0.8007878959178925,False,13,19,neither
zi,lh_paracentral_smooth3mm,16,0.00034896447,0.860939530765309,False,10,19,neither
zi,lh_postcentral_smooth3mm,16,0.0006151513,0.8005972623825073,False,11,19,neither
zi,lh_precentral_smooth3mm,16,0.0008954327,0.7307353019714355,False,14,19,neither
zi,lh_superiorfrontal_smooth3mm,16,0.00021617119,0.860939530765309,False,11,19,neither
zi,lh_vim,16,5.4596727e-05,0.9135496020317078,False,10,19,neither
zi,lh_zi,16,0.0002696069,0.860939530765309,False,10,19,neither
zi,rh_Ca,16,0.00014388376,0.9135496020317078,False,11,19,neither
zi,rh_GPe,16,0.0006907287,0.8005972623825073,False,11,19,neither
zi,rh_GPi,16,-0.00026170418,0.860939530765309,False,12,19,neither
zi,rh_Pu,16,0.00037430314,0.860939530765309,False,14,19,neither
zi,rh_STH,16,0.00021600135,0.8962798913319906,False,10,19,neither
zi,rh_cerebellum_dentate,16,-6.604719e-05,0.9135496020317078,False,13,19,neither
zi,rh_cerebellum_motor,16,0.00034026272,0.860939530765309,False,15,19,consistency_threshold
zi,rh_paracentral_smooth3mm,16,0.00085826876,0.7307353019714355,False,12,19,neither
zi,rh_postcentral_smooth3mm,16,0.0004625799,0.8007878959178925,False,14,19,neither
zi,rh_precentral_smooth3mm,16,0.00043378642,0.8007878959178925,False,10,19,neither
zi,rh_superiorfrontal_smooth3mm,16,0.00013642866,0.9135496020317078,False,10,19,neither
